 sales ,date,region
" $1,578.00 ",13/10/2020,north
" $1,638.00 ",13/10/2020,south
" $1,515.00 ",13/10/2020,east
" $1,683.00 ",13/10/2020,west
" $1,680.00 ",14/10/2020,north
" $1,755.00 ",14/10/2020,south
" $1,584.00 ",14/10/2020,east
" $1,590.00 ",14/10/2020,west
" $1,518.00 ",15/10/2020,north
" $1,701.00 ",15/10/2020,south
" $1,716.00 ",15/10/2020,east
" $1,563.00 ",15/10/2020,west
" $1,638.00 ",16/10/2020,north
" $1,689.00 ",16/10/2020,south
" $1,515.00 ",16/10/2020,east
" $1,632.00 ",16/10/2020,west
" $1,509.00 ",17/10/2020,north
" $1,791.00 ",17/10/2020,south
" $1,509.00 ",17/10/2020,east
" $1,776.00 ",17/10/2020,west
" $1,524.00 ",18/10/2020,north
" $1,716.00 ",18/10/2020,south
" $1,578.00 ",18/10/2020,east
" $1,713.00 ",18/10/2020,west
" $1,656.00 ",19/10/2020,north
" $1,725.00 ",19/10/2020,south
" $1,554.00 ",19/10/2020,east
" $1,524.00 ",19/10/2020,west
" $1,569.00 ",20/10/2020,north
" $1,758.00 ",20/10/2020,south
" $1,758.00 ",20/10/2020,east
" $1,614.00 ",20/10/2020,west
" $1,740.00 ",21/10/2020,north
" $1,521.00 ",21/10/2020,south
" $1,722.00 ",21/10/2020,east
" $1,605.00 ",21/10/2020,west
" $1,749.00 ",22/10/2020,north
" $1,638.00 ",22/10/2020,south
" $1,710.00 ",22/10/2020,east
" $1,668.00 ",22/10/2020,west
" $1,635.00 ",23/10/2020,north
" $1,533.00 ",23/10/2020,south
" $1,635.00 ",23/10/2020,east
" $1,575.00 ",23/10/2020,west
" $1,737.00 ",24/10/2020,north
" $1,593.00 ",24/10/2020,south
" $1,707.00 ",24/10/2020,east
" $1,536.00 ",24/10/2020,west
" $1,689.00 ",25/10/2020,north
" $1,680.00 ",25/10/2020,south
" $1,605.00 ",25/10/2020,east
" $1,617.00 ",25/10/2020,west
" $1,746.00 ",26/10/2020,north
" $1,518.00 ",26/10/2020,south
" $1,656.00 ",26/10/2020,east
" $1,542.00 ",26/10/2020,west
" $1,581.00 ",27/10/2020,north
" $1,716.00 ",27/10/2020,south
" $1,683.00 ",27/10/2020,east
" $1,518.00 ",27/10/2020,west
" $1,746.00 ",28/10/2020,north
" $1,587.00 ",28/10/2020,south
" $1,644.00 ",28/10/2020,east
" $1,731.00 ",28/10/2020,west
" $1,770.00 ",29/10/2020,north
" $1,692.00 ",29/10/2020,south
" $1,557.00 ",29/10/2020,east
" $1,524.00 ",29/10/2020,west
" $1,773.00 ",30/10/2020,north
" $1,689.00 ",30/10/2020,south
" $1,776.00 ",30/10/2020,east
" $1,686.00 ",30/10/2020,west
" $1,581.00 ",31/10/2020,north
" $1,758.00 ",31/10/2020,south
" $1,755.00 ",31/10/2020,east
" $1,668.00 ",31/10/2020,west
" $1,665.00 ",01/11/2020,north
" $1,551.00 ",01/11/2020,south
" $1,770.00 ",01/11/2020,east
" $1,593.00 ",01/11/2020,west
" $1,734.00 ",02/11/2020,north
" $1,500.00 ",02/11/2020,south
" $1,740.00 ",02/11/2020,east
" $1,686.00 ",02/11/2020,west
" $1,551.00 ",03/11/2020,north
" $1,752.00 ",03/11/2020,south
" $1,746.00 ",03/11/2020,east
" $1,581.00 ",03/11/2020,west
" $1,773.00 ",04/11/2020,north
" $1,788.00 ",04/11/2020,south
" $1,545.00 ",04/11/2020,east
" $1,506.00 ",04/11/2020,west
" $1,644.00 ",05/11/2020,north
" $1,605.00 ",05/11/2020,south
" $1,686.00 ",05/11/2020,east
" $1,539.00 ",05/11/2020,west
" $1,725.00 ",06/11/2020,north
" $1,599.00 ",06/11/2020,south
" $1,659.00 ",06/11/2020,east
" $1,575.00 ",06/11/2020,west
" $1,653.00 ",07/11/2020,north
" $1,641.00 ",07/11/2020,south
" $1,587.00 ",07/11/2020,east
" $1,758.00 ",07/11/2020,west
" $1,785.00 ",08/11/2020,north
" $1,695.00 ",08/11/2020,south
" $1,581.00 ",08/11/2020,east
" $1,734.00 ",08/11/2020,west
" $1,788.00 ",09/11/2020,north
" $1,593.00 ",09/11/2020,south
" $1,593.00 ",09/11/2020,east
" $1,512.00 ",09/11/2020,west
" $1,638.00 ",10/11/2020,north
" $1,734.00 ",10/11/2020,south
" $1,695.00 ",10/11/2020,east
" $1,638.00 ",10/11/2020,west
" $1,695.00 ",11/11/2020,north
" $1,533.00 ",11/11/2020,south
" $1,731.00 ",11/11/2020,east
" $1,689.00 ",11/11/2020,west
" $1,713.00 ",12/11/2020,north
" $1,596.00 ",12/11/2020,south
" $1,686.00 ",12/11/2020,east
" $1,515.00 ",12/11/2020,west
" $1,581.00 ",13/11/2020,north
" $1,521.00 ",13/11/2020,south
" $1,677.00 ",13/11/2020,east
" $1,635.00 ",13/11/2020,west
" $1,749.00 ",14/11/2020,north
" $1,542.00 ",14/11/2020,south
" $1,602.00 ",14/11/2020,east
" $1,557.00 ",14/11/2020,west
" $1,686.00 ",15/11/2020,north
" $1,638.00 ",15/11/2020,south
" $1,794.00 ",15/11/2020,east
" $1,659.00 ",15/11/2020,west
" $1,773.00 ",16/11/2020,north
" $1,671.00 ",16/11/2020,south
" $1,626.00 ",16/11/2020,east
" $1,725.00 ",16/11/2020,west
" $1,686.00 ",17/11/2020,north
" $1,521.00 ",17/11/2020,south
" $1,734.00 ",17/11/2020,east
" $1,530.00 ",17/11/2020,west
" $1,698.00 ",18/11/2020,north
" $1,770.00 ",18/11/2020,south
" $1,752.00 ",18/11/2020,east
" $1,662.00 ",18/11/2020,west
" $1,566.00 ",19/11/2020,north
" $1,590.00 ",19/11/2020,south
" $1,635.00 ",19/11/2020,east
" $1,698.00 ",19/11/2020,west
" $1,683.00 ",20/11/2020,north
" $1,653.00 ",20/11/2020,south
" $1,527.00 ",20/11/2020,east
" $1,524.00 ",20/11/2020,west
" $1,593.00 ",21/11/2020,north
" $1,656.00 ",21/11/2020,south
" $1,623.00 ",21/11/2020,east
" $1,638.00 ",21/11/2020,west
" $1,596.00 ",22/11/2020,north
" $1,575.00 ",22/11/2020,south
" $1,656.00 ",22/11/2020,east
" $1,725.00 ",22/11/2020,west
" $1,767.00 ",23/11/2020,north
" $1,650.00 ",23/11/2020,south
" $1,641.00 ",23/11/2020,east
" $1,632.00 ",23/11/2020,west
" $1,602.00 ",24/11/2020,north
" $1,632.00 ",24/11/2020,south
" $1,743.00 ",24/11/2020,east
" $1,617.00 ",24/11/2020,west
" $1,725.00 ",25/11/2020,north
" $1,761.00 ",25/11/2020,south
" $1,791.00 ",25/11/2020,east
" $1,620.00 ",25/11/2020,west
" $1,770.00 ",26/11/2020,north
" $1,791.00 ",26/11/2020,south
" $1,665.00 ",26/11/2020,east
" $1,743.00 ",26/11/2020,west
" $1,632.00 ",27/11/2020,north
" $1,587.00 ",27/11/2020,south
" $1,680.00 ",27/11/2020,east
" $1,656.00 ",27/11/2020,west
" $1,746.00 ",28/11/2020,north
" $1,599.00 ",28/11/2020,south
" $1,719.00 ",28/11/2020,east
" $1,794.00 ",28/11/2020,west
" $1,758.00 ",29/11/2020,north
" $1,557.00 ",29/11/2020,south
" $1,647.00 ",29/11/2020,east
" $1,740.00 ",29/11/2020,west
" $1,635.00 ",30/11/2020,north
" $1,584.00 ",30/11/2020,south
" $1,614.00 ",30/11/2020,east
" $1,749.00 ",30/11/2020,west
" $1,587.00 ",01/12/2020,north
" $1,719.00 ",01/12/2020,south
" $1,620.00 ",01/12/2020,east
" $1,656.00 ",01/12/2020,west
" $1,554.00 ",02/12/2020,north
" $1,755.00 ",02/12/2020,south
" $1,737.00 ",02/12/2020,east
" $1,548.00 ",02/12/2020,west
" $1,572.00 ",03/12/2020,north
" $1,560.00 ",03/12/2020,south
" $1,746.00 ",03/12/2020,east
" $1,788.00 ",03/12/2020,west
" $1,638.00 ",04/12/2020,north
" $1,626.00 ",04/12/2020,south
" $1,518.00 ",04/12/2020,east
" $1,773.00 ",04/12/2020,west
" $1,707.00 ",05/12/2020,north
" $1,614.00 ",05/12/2020,south
" $1,722.00 ",05/12/2020,east
" $1,524.00 ",05/12/2020,west
" $1,560.00 ",06/12/2020,north
" $1,617.00 ",06/12/2020,south
" $1,566.00 ",06/12/2020,east
" $1,515.00 ",06/12/2020,west
" $1,509.00 ",07/12/2020,north
" $1,545.00 ",07/12/2020,south
" $1,596.00 ",07/12/2020,east
" $1,671.00 ",07/12/2020,west
" $1,686.00 ",08/12/2020,north
" $1,785.00 ",08/12/2020,south
" $1,800.00 ",08/12/2020,east
" $1,590.00 ",08/12/2020,west
" $1,788.00 ",09/12/2020,north
" $1,788.00 ",09/12/2020,south
" $1,584.00 ",09/12/2020,east
" $1,665.00 ",09/12/2020,west
" $1,620.00 ",10/12/2020,north
" $1,725.00 ",10/12/2020,south
" $1,569.00 ",10/12/2020,east
" $1,533.00 ",10/12/2020,west
" $1,503.00 ",11/12/2020,north
" $1,713.00 ",11/12/2020,south
" $1,650.00 ",11/12/2020,east
" $1,776.00 ",11/12/2020,west
" $1,629.00 ",12/12/2020,north
" $1,662.00 ",12/12/2020,south
" $1,623.00 ",12/12/2020,east
" $1,590.00 ",12/12/2020,west
" $1,650.00 ",13/12/2020,north
" $1,647.00 ",13/12/2020,south
" $1,683.00 ",13/12/2020,east
" $1,530.00 ",13/12/2020,west
" $1,746.00 ",14/12/2020,north
" $1,551.00 ",14/12/2020,south
" $1,548.00 ",14/12/2020,east
" $1,767.00 ",14/12/2020,west
" $1,785.00 ",15/12/2020,north
" $1,734.00 ",15/12/2020,south
" $1,578.00 ",15/12/2020,east
" $1,596.00 ",15/12/2020,west
" $1,779.00 ",16/12/2020,north
" $1,770.00 ",16/12/2020,south
" $1,581.00 ",16/12/2020,east
" $1,614.00 ",16/12/2020,west
" $1,506.00 ",17/12/2020,north
" $1,533.00 ",17/12/2020,south
" $1,677.00 ",17/12/2020,east
" $1,737.00 ",17/12/2020,west
" $1,635.00 ",18/12/2020,north
" $1,800.00 ",18/12/2020,south
" $1,794.00 ",18/12/2020,east
" $1,653.00 ",18/12/2020,west
" $1,719.00 ",19/12/2020,north
" $1,674.00 ",19/12/2020,south
" $1,575.00 ",19/12/2020,east
" $1,650.00 ",19/12/2020,west
" $1,707.00 ",20/12/2020,north
" $1,692.00 ",20/12/2020,south
" $1,614.00 ",20/12/2020,east
" $1,563.00 ",20/12/2020,west
" $1,575.00 ",21/12/2020,north
" $1,506.00 ",21/12/2020,south
" $1,599.00 ",21/12/2020,east
" $1,686.00 ",21/12/2020,west
" $1,518.00 ",22/12/2020,north
" $1,677.00 ",22/12/2020,south
" $1,722.00 ",22/12/2020,east
" $1,566.00 ",22/12/2020,west
" $1,677.00 ",23/12/2020,north
" $1,542.00 ",23/12/2020,south
" $1,785.00 ",23/12/2020,east
" $1,671.00 ",23/12/2020,west
" $1,725.00 ",24/12/2020,north
" $1,506.00 ",24/12/2020,south
" $1,563.00 ",24/12/2020,east
" $1,668.00 ",24/12/2020,west
" $1,782.00 ",25/12/2020,north
" $1,557.00 ",25/12/2020,south
" $1,797.00 ",25/12/2020,east
" $1,563.00 ",25/12/2020,west
" $1,554.00 ",26/12/2020,north
" $1,650.00 ",26/12/2020,south
" $1,698.00 ",26/12/2020,east
" $1,737.00 ",26/12/2020,west
" $1,770.00 ",27/12/2020,north
" $1,734.00 ",27/12/2020,south
" $1,770.00 ",27/12/2020,east
" $1,524.00 ",27/12/2020,west
" $1,725.00 ",28/12/2020,north
" $1,536.00 ",28/12/2020,south
" $1,758.00 ",28/12/2020,east
" $1,683.00 ",28/12/2020,west
" $1,518.00 ",29/12/2020,north
" $1,677.00 ",29/12/2020,south
" $1,614.00 ",29/12/2020,east
" $1,767.00 ",29/12/2020,west
" $1,524.00 ",30/12/2020,north
" $1,530.00 ",30/12/2020,south
" $1,584.00 ",30/12/2020,east
" $1,791.00 ",30/12/2020,west
" $1,740.00 ",31/12/2020,north
" $1,698.00 ",31/12/2020,south
" $1,770.00 ",31/12/2020,east
" $1,650.00 ",31/12/2020,west
" $1,536.00 ",01/01/2021,north
" $1,542.00 ",01/01/2021,south
" $1,671.00 ",01/01/2021,east
" $1,752.00 ",01/01/2021,west
" $1,794.00 ",02/01/2021,north
" $1,620.00 ",02/01/2021,south
" $1,584.00 ",02/01/2021,east
" $1,503.00 ",02/01/2021,west
" $1,758.00 ",03/01/2021,north
" $1,578.00 ",03/01/2021,south
" $1,677.00 ",03/01/2021,east
" $1,722.00 ",03/01/2021,west
" $1,590.00 ",04/01/2021,north
" $1,785.00 ",04/01/2021,south
" $1,731.00 ",04/01/2021,east
" $1,686.00 ",04/01/2021,west
" $1,536.00 ",05/01/2021,north
" $1,578.00 ",05/01/2021,south
" $1,683.00 ",05/01/2021,east
" $1,608.00 ",05/01/2021,west
" $1,743.00 ",06/01/2021,north
" $1,743.00 ",06/01/2021,south
" $1,638.00 ",06/01/2021,east
" $1,788.00 ",06/01/2021,west
" $1,716.00 ",07/01/2021,north
" $1,602.00 ",07/01/2021,south
" $1,596.00 ",07/01/2021,east
" $1,797.00 ",07/01/2021,west
" $1,662.00 ",08/01/2021,north
" $1,668.00 ",08/01/2021,south
" $1,662.00 ",08/01/2021,east
" $1,521.00 ",08/01/2021,west
" $1,563.00 ",09/01/2021,north
" $1,647.00 ",09/01/2021,south
" $1,743.00 ",09/01/2021,east
" $1,653.00 ",09/01/2021,west
" $1,731.00 ",10/01/2021,north
" $1,608.00 ",10/01/2021,south
" $1,512.00 ",10/01/2021,east
" $1,545.00 ",10/01/2021,west
" $1,740.00 ",11/01/2021,north
" $1,611.00 ",11/01/2021,south
" $1,536.00 ",11/01/2021,east
" $1,626.00 ",11/01/2021,west
" $1,614.00 ",12/01/2021,north
" $1,572.00 ",12/01/2021,south
" $1,539.00 ",12/01/2021,east
" $1,605.00 ",12/01/2021,west
" $1,545.00 ",13/01/2021,north
" $1,542.00 ",13/01/2021,south
" $1,779.00 ",13/01/2021,east
" $1,680.00 ",13/01/2021,west
" $1,701.00 ",14/01/2021,north
" $1,677.00 ",14/01/2021,south
" $1,614.00 ",14/01/2021,east
" $1,590.00 ",14/01/2021,west
" $2,025.00 ",15/01/2021,north
" $2,195.00 ",15/01/2021,south
" $2,180.00 ",15/01/2021,east
" $2,395.00 ",15/01/2021,west
" $2,110.00 ",16/01/2021,north
" $2,145.00 ",16/01/2021,south
" $2,340.00 ",16/01/2021,east
" $2,390.00 ",16/01/2021,west
" $2,475.00 ",17/01/2021,north
" $2,320.00 ",17/01/2021,south
" $2,105.00 ",17/01/2021,east
" $2,090.00 ",17/01/2021,west
" $2,050.00 ",18/01/2021,north
" $2,410.00 ",18/01/2021,south
" $2,125.00 ",18/01/2021,east
" $2,325.00 ",18/01/2021,west
" $2,335.00 ",19/01/2021,north
" $2,105.00 ",19/01/2021,south
" $2,340.00 ",19/01/2021,east
" $2,420.00 ",19/01/2021,west
" $2,415.00 ",20/01/2021,north
" $2,495.00 ",20/01/2021,south
" $2,070.00 ",20/01/2021,east
" $2,405.00 ",20/01/2021,west
" $2,090.00 ",21/01/2021,north
" $2,145.00 ",21/01/2021,south
" $2,245.00 ",21/01/2021,east
" $2,330.00 ",21/01/2021,west
" $2,460.00 ",22/01/2021,north
" $2,230.00 ",22/01/2021,south
" $2,010.00 ",22/01/2021,east
" $2,380.00 ",22/01/2021,west
" $2,025.00 ",23/01/2021,north
" $2,085.00 ",23/01/2021,south
" $2,420.00 ",23/01/2021,east
" $2,175.00 ",23/01/2021,west
" $2,015.00 ",24/01/2021,north
" $2,445.00 ",24/01/2021,south
" $2,255.00 ",24/01/2021,east
" $2,085.00 ",24/01/2021,west
" $2,210.00 ",25/01/2021,north
" $2,145.00 ",25/01/2021,south
" $2,200.00 ",25/01/2021,east
" $2,160.00 ",25/01/2021,west
" $2,050.00 ",26/01/2021,north
" $2,280.00 ",26/01/2021,south
" $2,165.00 ",26/01/2021,east
" $2,345.00 ",26/01/2021,west
" $2,000.00 ",27/01/2021,north
" $2,010.00 ",27/01/2021,south
" $2,060.00 ",27/01/2021,east
" $2,020.00 ",27/01/2021,west
" $2,140.00 ",28/01/2021,north
" $2,310.00 ",28/01/2021,south
" $2,285.00 ",28/01/2021,east
" $2,005.00 ",28/01/2021,west
" $2,295.00 ",29/01/2021,north
" $2,195.00 ",29/01/2021,south
" $2,465.00 ",29/01/2021,east
" $2,095.00 ",29/01/2021,west
" $2,400.00 ",30/01/2021,north
" $2,290.00 ",30/01/2021,south
" $2,370.00 ",30/01/2021,east
" $2,165.00 ",30/01/2021,west
" $2,430.00 ",31/01/2021,north
" $2,260.00 ",31/01/2021,south
" $2,215.00 ",31/01/2021,east
" $2,145.00 ",31/01/2021,west
" $2,350.00 ",01/02/2021,north
" $2,180.00 ",01/02/2021,south
" $2,290.00 ",01/02/2021,east
" $2,115.00 ",01/02/2021,west
" $2,315.00 ",02/02/2021,north
" $2,100.00 ",02/02/2021,south
" $2,430.00 ",02/02/2021,east
" $2,215.00 ",02/02/2021,west
" $2,000.00 ",03/02/2021,north
" $2,355.00 ",03/02/2021,south
" $2,110.00 ",03/02/2021,east
" $2,240.00 ",03/02/2021,west
" $2,380.00 ",04/02/2021,north
" $2,305.00 ",04/02/2021,south
" $2,300.00 ",04/02/2021,east
" $2,120.00 ",04/02/2021,west
" $2,185.00 ",05/02/2021,north
" $2,295.00 ",05/02/2021,south
" $2,215.00 ",05/02/2021,east
" $2,050.00 ",05/02/2021,west
" $2,225.00 ",06/02/2021,north
" $2,405.00 ",06/02/2021,south
" $2,095.00 ",06/02/2021,east
" $2,200.00 ",06/02/2021,west
" $2,070.00 ",07/02/2021,north
" $2,065.00 ",07/02/2021,south
" $2,080.00 ",07/02/2021,east
" $2,010.00 ",07/02/2021,west
" $2,395.00 ",08/02/2021,north
" $2,345.00 ",08/02/2021,south
" $2,085.00 ",08/02/2021,east
" $2,250.00 ",08/02/2021,west
" $2,045.00 ",09/02/2021,north
" $2,345.00 ",09/02/2021,south
" $2,455.00 ",09/02/2021,east
" $2,260.00 ",09/02/2021,west
" $2,130.00 ",10/02/2021,north
" $2,035.00 ",10/02/2021,south
" $2,045.00 ",10/02/2021,east
" $2,145.00 ",10/02/2021,west
" $2,320.00 ",11/02/2021,north
" $2,350.00 ",11/02/2021,south
" $2,085.00 ",11/02/2021,east
" $2,160.00 ",11/02/2021,west
" $2,375.00 ",12/02/2021,north
" $2,230.00 ",12/02/2021,south
" $2,230.00 ",12/02/2021,east
" $2,130.00 ",12/02/2021,west
" $2,425.00 ",13/02/2021,north
" $2,465.00 ",13/02/2021,south
" $2,105.00 ",13/02/2021,east
" $2,485.00 ",13/02/2021,west
" $2,340.00 ",14/02/2021,north
" $2,240.00 ",14/02/2021,south
" $2,285.00 ",14/02/2021,east
" $2,375.00 ",14/02/2021,west
" $2,110.00 ",15/02/2021,north
" $2,325.00 ",15/02/2021,south
" $2,265.00 ",15/02/2021,east
" $2,175.00 ",15/02/2021,west
" $2,295.00 ",16/02/2021,north
" $2,250.00 ",16/02/2021,south
" $2,180.00 ",16/02/2021,east
" $2,465.00 ",16/02/2021,west
" $2,380.00 ",17/02/2021,north
" $2,130.00 ",17/02/2021,south
" $2,350.00 ",17/02/2021,east
" $2,470.00 ",17/02/2021,west
" $2,005.00 ",18/02/2021,north
" $2,125.00 ",18/02/2021,south
" $2,480.00 ",18/02/2021,east
" $2,240.00 ",18/02/2021,west
" $2,125.00 ",19/02/2021,north
" $2,425.00 ",19/02/2021,south
" $2,050.00 ",19/02/2021,east
" $2,045.00 ",19/02/2021,west
" $2,260.00 ",20/02/2021,north
" $2,105.00 ",20/02/2021,south
" $2,420.00 ",20/02/2021,east
" $2,400.00 ",20/02/2021,west
" $2,345.00 ",21/02/2021,north
" $2,040.00 ",21/02/2021,south
" $2,170.00 ",21/02/2021,east
" $2,445.00 ",21/02/2021,west
" $2,145.00 ",22/02/2021,north
" $2,050.00 ",22/02/2021,south
" $2,200.00 ",22/02/2021,east
" $2,140.00 ",22/02/2021,west
" $2,490.00 ",23/02/2021,north
" $2,370.00 ",23/02/2021,south
" $2,055.00 ",23/02/2021,east
" $2,380.00 ",23/02/2021,west
" $2,330.00 ",24/02/2021,north
" $2,420.00 ",24/02/2021,south
" $2,235.00 ",24/02/2021,east
" $2,045.00 ",24/02/2021,west
" $2,205.00 ",25/02/2021,north
" $2,065.00 ",25/02/2021,south
" $2,300.00 ",25/02/2021,east
" $2,035.00 ",25/02/2021,west
" $2,455.00 ",26/02/2021,north
" $2,350.00 ",26/02/2021,south
" $2,270.00 ",26/02/2021,east
" $2,315.00 ",26/02/2021,west
" $2,000.00 ",27/02/2021,north
" $2,305.00 ",27/02/2021,south
" $2,150.00 ",27/02/2021,east
" $2,305.00 ",27/02/2021,west
" $2,145.00 ",28/02/2021,north
" $2,155.00 ",28/02/2021,south
" $2,290.00 ",28/02/2021,east
" $2,155.00 ",28/02/2021,west
" $2,360.00 ",01/03/2021,north
" $2,430.00 ",01/03/2021,south
" $2,185.00 ",01/03/2021,east
" $2,245.00 ",01/03/2021,west
" $2,370.00 ",02/03/2021,north
" $2,300.00 ",02/03/2021,south
" $2,215.00 ",02/03/2021,east
" $2,225.00 ",02/03/2021,west
" $2,405.00 ",03/03/2021,north
" $2,000.00 ",03/03/2021,south
" $2,025.00 ",03/03/2021,east
" $2,380.00 ",03/03/2021,west
" $2,390.00 ",04/03/2021,north
" $2,335.00 ",04/03/2021,south
" $2,205.00 ",04/03/2021,east
" $2,035.00 ",04/03/2021,west
" $2,080.00 ",05/03/2021,north
" $2,340.00 ",05/03/2021,south
" $2,045.00 ",05/03/2021,east
" $2,005.00 ",05/03/2021,west
" $2,075.00 ",06/03/2021,north
" $2,190.00 ",06/03/2021,south
" $2,305.00 ",06/03/2021,east
" $2,190.00 ",06/03/2021,west
" $2,220.00 ",07/03/2021,north
" $2,025.00 ",07/03/2021,south
" $2,350.00 ",07/03/2021,east
" $2,425.00 ",07/03/2021,west
" $2,170.00 ",08/03/2021,north
" $2,095.00 ",08/03/2021,south
" $2,475.00 ",08/03/2021,east
" $2,395.00 ",08/03/2021,west
" $2,380.00 ",09/03/2021,north
" $2,000.00 ",09/03/2021,south
" $2,180.00 ",09/03/2021,east
" $2,365.00 ",09/03/2021,west
" $2,380.00 ",10/03/2021,north
" $2,320.00 ",10/03/2021,south
" $2,005.00 ",10/03/2021,east
" $2,270.00 ",10/03/2021,west
" $2,005.00 ",11/03/2021,north
" $2,410.00 ",11/03/2021,south
" $2,065.00 ",11/03/2021,east
" $2,170.00 ",11/03/2021,west
" $2,175.00 ",12/03/2021,north
" $2,310.00 ",12/03/2021,south
" $2,490.00 ",12/03/2021,east
" $2,400.00 ",12/03/2021,west
" $2,065.00 ",13/03/2021,north
" $2,165.00 ",13/03/2021,south
" $2,305.00 ",13/03/2021,east
" $2,100.00 ",13/03/2021,west
" $2,245.00 ",14/03/2021,north
" $2,365.00 ",14/03/2021,south
" $2,300.00 ",14/03/2021,east
" $2,340.00 ",14/03/2021,west
" $2,330.00 ",15/03/2021,north
" $2,445.00 ",15/03/2021,south
" $2,390.00 ",15/03/2021,east
" $2,210.00 ",15/03/2021,west
" $2,365.00 ",16/03/2021,north
" $2,500.00 ",16/03/2021,south
" $2,235.00 ",16/03/2021,east
" $2,480.00 ",16/03/2021,west
" $2,065.00 ",17/03/2021,north
" $2,325.00 ",17/03/2021,south
" $2,480.00 ",17/03/2021,east
" $2,265.00 ",17/03/2021,west
" $2,440.00 ",18/03/2021,north
" $2,020.00 ",18/03/2021,south
" $2,115.00 ",18/03/2021,east
" $2,075.00 ",18/03/2021,west
" $2,035.00 ",19/03/2021,north
" $2,495.00 ",19/03/2021,south
" $2,340.00 ",19/03/2021,east
" $2,220.00 ",19/03/2021,west
" $2,380.00 ",20/03/2021,north
" $2,360.00 ",20/03/2021,south
" $2,325.00 ",20/03/2021,east
" $2,340.00 ",20/03/2021,west
" $2,300.00 ",21/03/2021,north
" $2,030.00 ",21/03/2021,south
" $2,110.00 ",21/03/2021,east
" $2,490.00 ",21/03/2021,west
" $2,420.00 ",22/03/2021,north
" $2,030.00 ",22/03/2021,south
" $2,450.00 ",22/03/2021,east
" $2,315.00 ",22/03/2021,west
" $2,470.00 ",23/03/2021,north
" $2,240.00 ",23/03/2021,south
" $2,155.00 ",23/03/2021,east
" $2,005.00 ",23/03/2021,west
" $2,005.00 ",24/03/2021,north
" $2,075.00 ",24/03/2021,south
" $2,080.00 ",24/03/2021,east
" $2,395.00 ",24/03/2021,west
" $2,435.00 ",25/03/2021,north
" $2,055.00 ",25/03/2021,south
" $2,130.00 ",25/03/2021,east
" $2,365.00 ",25/03/2021,west
" $2,320.00 ",26/03/2021,north
" $2,325.00 ",26/03/2021,south
" $2,210.00 ",26/03/2021,east
" $2,225.00 ",26/03/2021,west
" $2,465.00 ",27/03/2021,north
" $2,175.00 ",27/03/2021,south
" $2,145.00 ",27/03/2021,east
" $2,085.00 ",27/03/2021,west
" $2,310.00 ",28/03/2021,north
" $2,070.00 ",28/03/2021,south
" $2,355.00 ",28/03/2021,east
" $2,410.00 ",28/03/2021,west
" $2,475.00 ",29/03/2021,north
" $2,005.00 ",29/03/2021,south
" $2,025.00 ",29/03/2021,east
" $2,265.00 ",29/03/2021,west
" $2,090.00 ",30/03/2021,north
" $2,390.00 ",30/03/2021,south
" $2,410.00 ",30/03/2021,east
" $2,035.00 ",30/03/2021,west
" $2,475.00 ",31/03/2021,north
" $2,135.00 ",31/03/2021,south
" $2,440.00 ",31/03/2021,east
" $2,105.00 ",31/03/2021,west
" $2,405.00 ",01/04/2021,north
" $2,000.00 ",01/04/2021,south
" $2,480.00 ",01/04/2021,east
" $2,495.00 ",01/04/2021,west
" $2,260.00 ",02/04/2021,north
" $2,100.00 ",02/04/2021,south
" $2,480.00 ",02/04/2021,east
" $2,325.00 ",02/04/2021,west
" $2,345.00 ",03/04/2021,north
" $2,005.00 ",03/04/2021,south
" $2,175.00 ",03/04/2021,east
" $2,330.00 ",03/04/2021,west
" $2,480.00 ",04/04/2021,north
" $2,455.00 ",04/04/2021,south
" $2,165.00 ",04/04/2021,east
" $2,355.00 ",04/04/2021,west
" $2,270.00 ",05/04/2021,north
" $2,415.00 ",05/04/2021,south
" $2,150.00 ",05/04/2021,east
" $2,215.00 ",05/04/2021,west
" $2,440.00 ",06/04/2021,north
" $2,435.00 ",06/04/2021,south
" $2,255.00 ",06/04/2021,east
" $2,260.00 ",06/04/2021,west
" $2,020.00 ",07/04/2021,north
" $2,125.00 ",07/04/2021,south
" $2,120.00 ",07/04/2021,east
" $2,070.00 ",07/04/2021,west
" $2,135.00 ",08/04/2021,north
" $2,050.00 ",08/04/2021,south
" $2,400.00 ",08/04/2021,east
" $2,040.00 ",08/04/2021,west
" $2,265.00 ",09/04/2021,north
" $2,340.00 ",09/04/2021,south
" $2,245.00 ",09/04/2021,east
" $2,450.00 ",09/04/2021,west
" $2,385.00 ",10/04/2021,north
" $2,255.00 ",10/04/2021,south
" $2,065.00 ",10/04/2021,east
" $2,295.00 ",10/04/2021,west
" $2,415.00 ",11/04/2021,north
" $2,355.00 ",11/04/2021,south
" $2,425.00 ",11/04/2021,east
" $2,150.00 ",11/04/2021,west
" $2,285.00 ",12/04/2021,north
" $2,315.00 ",12/04/2021,south
" $2,080.00 ",12/04/2021,east
" $2,305.00 ",12/04/2021,west
" $2,115.00 ",13/04/2021,north
" $2,380.00 ",13/04/2021,south
" $2,195.00 ",13/04/2021,east
" $2,325.00 ",13/04/2021,west
" $2,045.00 ",14/04/2021,north
" $2,370.00 ",14/04/2021,south
" $2,485.00 ",14/04/2021,east
" $2,085.00 ",14/04/2021,west
" $2,185.00 ",15/04/2021,north
" $2,275.00 ",15/04/2021,south
" $2,050.00 ",15/04/2021,east
" $2,320.00 ",15/04/2021,west
" $2,335.00 ",16/04/2021,north
" $2,415.00 ",16/04/2021,south
" $2,115.00 ",16/04/2021,east
" $2,380.00 ",16/04/2021,west
" $2,375.00 ",17/04/2021,north
" $2,250.00 ",17/04/2021,south
" $2,415.00 ",17/04/2021,east
" $2,395.00 ",17/04/2021,west
" $2,005.00 ",18/04/2021,north
" $2,215.00 ",18/04/2021,south
" $2,405.00 ",18/04/2021,east
" $2,265.00 ",18/04/2021,west
" $2,160.00 ",19/04/2021,north
" $2,115.00 ",19/04/2021,south
" $2,175.00 ",19/04/2021,east
" $2,420.00 ",19/04/2021,west
" $2,290.00 ",20/04/2021,north
" $2,115.00 ",20/04/2021,south
" $2,110.00 ",20/04/2021,east
" $2,395.00 ",20/04/2021,west
" $2,400.00 ",21/04/2021,north
" $2,195.00 ",21/04/2021,south
" $2,095.00 ",21/04/2021,east
" $2,330.00 ",21/04/2021,west
" $2,235.00 ",22/04/2021,north
" $2,195.00 ",22/04/2021,south
" $2,480.00 ",22/04/2021,east
" $2,270.00 ",22/04/2021,west
" $2,280.00 ",23/04/2021,north
" $2,065.00 ",23/04/2021,south
" $2,065.00 ",23/04/2021,east
" $2,260.00 ",23/04/2021,west
" $2,440.00 ",24/04/2021,north
" $2,130.00 ",24/04/2021,south
" $2,345.00 ",24/04/2021,east
" $2,020.00 ",24/04/2021,west
" $2,275.00 ",25/04/2021,north
" $2,375.00 ",25/04/2021,south
" $2,340.00 ",25/04/2021,east
" $2,300.00 ",25/04/2021,west
" $2,260.00 ",26/04/2021,north
" $2,295.00 ",26/04/2021,south
" $2,295.00 ",26/04/2021,east
" $2,115.00 ",26/04/2021,west
" $2,095.00 ",27/04/2021,north
" $2,010.00 ",27/04/2021,south
" $2,245.00 ",27/04/2021,east
" $2,245.00 ",27/04/2021,west
" $2,385.00 ",28/04/2021,north
" $2,230.00 ",28/04/2021,south
" $2,285.00 ",28/04/2021,east
" $2,115.00 ",28/04/2021,west
" $2,150.00 ",29/04/2021,north
" $2,065.00 ",29/04/2021,south
" $2,110.00 ",29/04/2021,east
" $2,175.00 ",29/04/2021,west
" $2,320.00 ",30/04/2021,north
" $2,435.00 ",30/04/2021,south
" $2,050.00 ",30/04/2021,east
" $2,165.00 ",30/04/2021,west
" $2,460.00 ",01/05/2021,north
" $2,165.00 ",01/05/2021,south
" $2,110.00 ",01/05/2021,east
" $2,320.00 ",01/05/2021,west
" $2,305.00 ",02/05/2021,north
" $2,145.00 ",02/05/2021,south
" $2,460.00 ",02/05/2021,east
" $2,260.00 ",02/05/2021,west
" $2,355.00 ",03/05/2021,north
" $2,070.00 ",03/05/2021,south
" $2,455.00 ",03/05/2021,east
" $2,090.00 ",03/05/2021,west
" $2,270.00 ",04/05/2021,north
" $2,425.00 ",04/05/2021,south
" $2,415.00 ",04/05/2021,east
" $2,065.00 ",04/05/2021,west
" $2,315.00 ",05/05/2021,north
" $2,120.00 ",05/05/2021,south
" $2,330.00 ",05/05/2021,east
" $2,295.00 ",05/05/2021,west
" $2,120.00 ",06/05/2021,north
" $2,050.00 ",06/05/2021,south
" $2,140.00 ",06/05/2021,east
" $2,230.00 ",06/05/2021,west
" $2,090.00 ",07/05/2021,north
" $2,335.00 ",07/05/2021,south
" $2,125.00 ",07/05/2021,east
" $2,380.00 ",07/05/2021,west
" $2,090.00 ",08/05/2021,north
" $2,490.00 ",08/05/2021,south
" $2,200.00 ",08/05/2021,east
" $2,045.00 ",08/05/2021,west
" $2,140.00 ",09/05/2021,north
" $2,115.00 ",09/05/2021,south
" $2,045.00 ",09/05/2021,east
" $2,385.00 ",09/05/2021,west
" $2,250.00 ",10/05/2021,north
" $2,325.00 ",10/05/2021,south
" $2,325.00 ",10/05/2021,east
" $2,400.00 ",10/05/2021,west
" $2,120.00 ",11/05/2021,north
" $2,165.00 ",11/05/2021,south
" $2,175.00 ",11/05/2021,east
" $2,190.00 ",11/05/2021,west
" $2,155.00 ",12/05/2021,north
" $2,325.00 ",12/05/2021,south
" $2,025.00 ",12/05/2021,east
" $2,455.00 ",12/05/2021,west
" $2,330.00 ",13/05/2021,north
" $2,210.00 ",13/05/2021,south
" $2,010.00 ",13/05/2021,east
" $2,320.00 ",13/05/2021,west
" $2,135.00 ",14/05/2021,north
" $2,500.00 ",14/05/2021,south
" $2,140.00 ",14/05/2021,east
" $2,190.00 ",14/05/2021,west
" $2,240.00 ",15/05/2021,north
" $2,180.00 ",15/05/2021,south
" $2,020.00 ",15/05/2021,east
" $2,390.00 ",15/05/2021,west
" $2,375.00 ",16/05/2021,north
" $2,050.00 ",16/05/2021,south
" $2,080.00 ",16/05/2021,east
" $2,055.00 ",16/05/2021,west
" $2,020.00 ",17/05/2021,north
" $2,470.00 ",17/05/2021,south
" $2,220.00 ",17/05/2021,east
" $2,255.00 ",17/05/2021,west
" $2,185.00 ",18/05/2021,north
" $2,455.00 ",18/05/2021,south
" $2,270.00 ",18/05/2021,east
" $2,415.00 ",18/05/2021,west
" $2,400.00 ",19/05/2021,north
" $2,300.00 ",19/05/2021,south
" $2,175.00 ",19/05/2021,east
" $2,020.00 ",19/05/2021,west
" $2,195.00 ",20/05/2021,north
" $2,050.00 ",20/05/2021,south
" $2,055.00 ",20/05/2021,east
" $2,300.00 ",20/05/2021,west
" $2,480.00 ",21/05/2021,north
" $2,240.00 ",21/05/2021,south
" $2,025.00 ",21/05/2021,east
" $2,480.00 ",21/05/2021,west
" $2,430.00 ",22/05/2021,north
" $2,100.00 ",22/05/2021,south
" $2,420.00 ",22/05/2021,east
" $2,410.00 ",22/05/2021,west
" $2,155.00 ",23/05/2021,north
" $2,345.00 ",23/05/2021,south
" $2,045.00 ",23/05/2021,east
" $2,240.00 ",23/05/2021,west
" $2,390.00 ",24/05/2021,north
" $2,210.00 ",24/05/2021,south
" $2,105.00 ",24/05/2021,east
" $2,075.00 ",24/05/2021,west
" $2,020.00 ",25/05/2021,north
" $2,105.00 ",25/05/2021,south
" $2,295.00 ",25/05/2021,east
" $2,005.00 ",25/05/2021,west
" $2,475.00 ",26/05/2021,north
" $2,210.00 ",26/05/2021,south
" $2,040.00 ",26/05/2021,east
" $2,085.00 ",26/05/2021,west
" $2,080.00 ",27/05/2021,north
" $2,260.00 ",27/05/2021,south
" $2,345.00 ",27/05/2021,east
" $2,160.00 ",27/05/2021,west
" $2,205.00 ",28/05/2021,north
" $2,055.00 ",28/05/2021,south
" $2,280.00 ",28/05/2021,east
" $2,205.00 ",28/05/2021,west
" $2,150.00 ",29/05/2021,north
" $2,450.00 ",29/05/2021,south
" $2,005.00 ",29/05/2021,east
" $2,115.00 ",29/05/2021,west
" $2,380.00 ",30/05/2021,north
" $2,225.00 ",30/05/2021,south
" $2,485.00 ",30/05/2021,east
" $2,310.00 ",30/05/2021,west
" $2,395.00 ",31/05/2021,north
" $2,095.00 ",31/05/2021,south
" $2,220.00 ",31/05/2021,east
" $2,130.00 ",31/05/2021,west
" $2,140.00 ",01/06/2021,north
" $2,450.00 ",01/06/2021,south
" $2,055.00 ",01/06/2021,east
" $2,215.00 ",01/06/2021,west
" $2,015.00 ",02/06/2021,north
" $2,350.00 ",02/06/2021,south
" $2,005.00 ",02/06/2021,east
" $2,015.00 ",02/06/2021,west
" $2,375.00 ",03/06/2021,north
" $2,025.00 ",03/06/2021,south
" $2,375.00 ",03/06/2021,east
" $2,300.00 ",03/06/2021,west
" $2,405.00 ",04/06/2021,north
" $2,135.00 ",04/06/2021,south
" $2,315.00 ",04/06/2021,east
" $2,300.00 ",04/06/2021,west
" $2,425.00 ",05/06/2021,north
" $2,400.00 ",05/06/2021,south
" $2,245.00 ",05/06/2021,east
" $2,085.00 ",05/06/2021,west
" $2,020.00 ",06/06/2021,north
" $2,190.00 ",06/06/2021,south
" $2,450.00 ",06/06/2021,east
" $2,245.00 ",06/06/2021,west
" $2,390.00 ",07/06/2021,north
" $2,020.00 ",07/06/2021,south
" $2,360.00 ",07/06/2021,east
" $2,070.00 ",07/06/2021,west
" $2,290.00 ",08/06/2021,north
" $2,035.00 ",08/06/2021,south
" $2,450.00 ",08/06/2021,east
" $2,120.00 ",08/06/2021,west
" $2,480.00 ",09/06/2021,north
" $2,500.00 ",09/06/2021,south
" $2,365.00 ",09/06/2021,east
" $2,330.00 ",09/06/2021,west
" $2,280.00 ",10/06/2021,north
" $2,015.00 ",10/06/2021,south
" $2,500.00 ",10/06/2021,east
" $2,405.00 ",10/06/2021,west
" $2,385.00 ",11/06/2021,north
" $2,090.00 ",11/06/2021,south
" $2,300.00 ",11/06/2021,east
" $2,350.00 ",11/06/2021,west
" $2,095.00 ",12/06/2021,north
" $2,375.00 ",12/06/2021,south
" $2,270.00 ",12/06/2021,east
" $2,365.00 ",12/06/2021,west
" $2,205.00 ",13/06/2021,north
" $2,260.00 ",13/06/2021,south
" $2,135.00 ",13/06/2021,east
" $2,280.00 ",13/06/2021,west
" $2,485.00 ",14/06/2021,north
" $2,025.00 ",14/06/2021,south
" $2,460.00 ",14/06/2021,east
" $2,285.00 ",14/06/2021,west
" $2,090.00 ",15/06/2021,north
" $2,075.00 ",15/06/2021,south
" $2,125.00 ",15/06/2021,east
" $2,085.00 ",15/06/2021,west
" $2,410.00 ",16/06/2021,north
" $2,265.00 ",16/06/2021,south
" $2,145.00 ",16/06/2021,east
" $2,320.00 ",16/06/2021,west
" $2,260.00 ",17/06/2021,north
" $2,460.00 ",17/06/2021,south
" $2,060.00 ",17/06/2021,east
" $2,120.00 ",17/06/2021,west
" $2,325.00 ",18/06/2021,north
" $2,275.00 ",18/06/2021,south
" $2,285.00 ",18/06/2021,east
" $2,150.00 ",18/06/2021,west
" $2,160.00 ",19/06/2021,north
" $2,020.00 ",19/06/2021,south
" $2,430.00 ",19/06/2021,east
" $2,025.00 ",19/06/2021,west
" $2,280.00 ",20/06/2021,north
" $2,425.00 ",20/06/2021,south
" $2,230.00 ",20/06/2021,east
" $2,160.00 ",20/06/2021,west
" $2,360.00 ",21/06/2021,north
" $2,305.00 ",21/06/2021,south
" $2,105.00 ",21/06/2021,east
" $2,290.00 ",21/06/2021,west
" $2,280.00 ",22/06/2021,north
" $2,010.00 ",22/06/2021,south
" $2,095.00 ",22/06/2021,east
" $2,270.00 ",22/06/2021,west
" $2,080.00 ",23/06/2021,north
" $2,345.00 ",23/06/2021,south
" $2,240.00 ",23/06/2021,east
" $2,425.00 ",23/06/2021,west
" $2,390.00 ",24/06/2021,north
" $2,155.00 ",24/06/2021,south
" $2,060.00 ",24/06/2021,east
" $2,055.00 ",24/06/2021,west
" $2,140.00 ",25/06/2021,north
" $2,340.00 ",25/06/2021,south
" $2,030.00 ",25/06/2021,east
" $2,310.00 ",25/06/2021,west
" $2,065.00 ",26/06/2021,north
" $2,330.00 ",26/06/2021,south
" $2,145.00 ",26/06/2021,east
" $2,050.00 ",26/06/2021,west
" $2,095.00 ",27/06/2021,north
" $2,460.00 ",27/06/2021,south
" $2,195.00 ",27/06/2021,east
" $2,020.00 ",27/06/2021,west
" $2,185.00 ",28/06/2021,north
" $2,190.00 ",28/06/2021,south
" $2,050.00 ",28/06/2021,east
" $2,045.00 ",28/06/2021,west
" $2,155.00 ",29/06/2021,north
" $2,135.00 ",29/06/2021,south
" $2,280.00 ",29/06/2021,east
" $2,485.00 ",29/06/2021,west
" $2,040.00 ",30/06/2021,north
" $2,130.00 ",30/06/2021,south
" $2,490.00 ",30/06/2021,east
" $2,160.00 ",30/06/2021,west
" $2,065.00 ",01/07/2021,north
" $2,355.00 ",01/07/2021,south
" $2,205.00 ",01/07/2021,east
" $2,265.00 ",01/07/2021,west
" $2,005.00 ",02/07/2021,north
" $2,450.00 ",02/07/2021,south
" $2,500.00 ",02/07/2021,east
" $2,445.00 ",02/07/2021,west
" $2,460.00 ",03/07/2021,north
" $2,060.00 ",03/07/2021,south
" $2,090.00 ",03/07/2021,east
" $2,415.00 ",03/07/2021,west
" $2,395.00 ",04/07/2021,north
" $2,370.00 ",04/07/2021,south
" $2,110.00 ",04/07/2021,east
" $2,395.00 ",04/07/2021,west
" $2,205.00 ",05/07/2021,north
" $2,245.00 ",05/07/2021,south
" $2,330.00 ",05/07/2021,east
" $2,010.00 ",05/07/2021,west
" $2,430.00 ",06/07/2021,north
" $2,125.00 ",06/07/2021,south
" $2,235.00 ",06/07/2021,east
" $2,175.00 ",06/07/2021,west
" $2,460.00 ",07/07/2021,north
" $2,500.00 ",07/07/2021,south
" $2,315.00 ",07/07/2021,east
" $2,120.00 ",07/07/2021,west
" $2,040.00 ",08/07/2021,north
" $2,425.00 ",08/07/2021,south
" $2,375.00 ",08/07/2021,east
" $2,080.00 ",08/07/2021,west
" $2,105.00 ",09/07/2021,north
" $2,240.00 ",09/07/2021,south
" $2,015.00 ",09/07/2021,east
" $2,170.00 ",09/07/2021,west
" $2,195.00 ",10/07/2021,north
" $2,440.00 ",10/07/2021,south
" $2,040.00 ",10/07/2021,east
" $2,260.00 ",10/07/2021,west
" $2,170.00 ",11/07/2021,north
" $2,200.00 ",11/07/2021,south
" $2,260.00 ",11/07/2021,east
" $2,395.00 ",11/07/2021,west
" $2,010.00 ",12/07/2021,north
" $2,005.00 ",12/07/2021,south
" $2,250.00 ",12/07/2021,east
" $2,010.00 ",12/07/2021,west
" $2,145.00 ",13/07/2021,north
" $2,105.00 ",13/07/2021,south
" $2,265.00 ",13/07/2021,east
" $2,020.00 ",13/07/2021,west
" $2,295.00 ",14/07/2021,north
" $2,330.00 ",14/07/2021,south
" $2,280.00 ",14/07/2021,east
" $2,045.00 ",14/07/2021,west
" $2,375.00 ",15/07/2021,north
" $2,370.00 ",15/07/2021,south
" $2,255.00 ",15/07/2021,east
" $2,305.00 ",15/07/2021,west
" $2,440.00 ",16/07/2021,north
" $2,020.00 ",16/07/2021,south
" $2,035.00 ",16/07/2021,east
" $2,155.00 ",16/07/2021,west
" $2,145.00 ",17/07/2021,north
" $2,080.00 ",17/07/2021,south
" $2,345.00 ",17/07/2021,east
" $2,230.00 ",17/07/2021,west
" $2,375.00 ",18/07/2021,north
" $2,165.00 ",18/07/2021,south
" $2,175.00 ",18/07/2021,east
" $2,385.00 ",18/07/2021,west
" $2,295.00 ",19/07/2021,north
" $2,170.00 ",19/07/2021,south
" $2,040.00 ",19/07/2021,east
" $2,205.00 ",19/07/2021,west
" $2,435.00 ",20/07/2021,north
" $2,380.00 ",20/07/2021,south
" $2,445.00 ",20/07/2021,east
" $2,390.00 ",20/07/2021,west
" $2,115.00 ",21/07/2021,north
" $2,275.00 ",21/07/2021,south
" $2,200.00 ",21/07/2021,east
" $2,305.00 ",21/07/2021,west
" $2,280.00 ",22/07/2021,north
" $2,140.00 ",22/07/2021,south
" $2,205.00 ",22/07/2021,east
" $2,450.00 ",22/07/2021,west
" $2,060.00 ",23/07/2021,north
" $2,200.00 ",23/07/2021,south
" $2,390.00 ",23/07/2021,east
" $2,075.00 ",23/07/2021,west
" $2,015.00 ",24/07/2021,north
" $2,235.00 ",24/07/2021,south
" $2,360.00 ",24/07/2021,east
" $2,125.00 ",24/07/2021,west
" $2,235.00 ",25/07/2021,north
" $2,450.00 ",25/07/2021,south
" $2,155.00 ",25/07/2021,east
" $2,280.00 ",25/07/2021,west
" $2,285.00 ",26/07/2021,north
" $2,395.00 ",26/07/2021,south
" $2,360.00 ",26/07/2021,east
" $2,290.00 ",26/07/2021,west
" $2,440.00 ",27/07/2021,north
" $2,315.00 ",27/07/2021,south
" $2,080.00 ",27/07/2021,east
" $2,450.00 ",27/07/2021,west
" $2,165.00 ",28/07/2021,north
" $2,385.00 ",28/07/2021,south
" $2,010.00 ",28/07/2021,east
" $2,425.00 ",28/07/2021,west
" $2,125.00 ",29/07/2021,north
" $2,125.00 ",29/07/2021,south
" $2,235.00 ",29/07/2021,east
" $2,360.00 ",29/07/2021,west
" $2,005.00 ",30/07/2021,north
" $2,200.00 ",30/07/2021,south
" $2,155.00 ",30/07/2021,east
" $2,245.00 ",30/07/2021,west
" $2,220.00 ",31/07/2021,north
" $2,225.00 ",31/07/2021,south
" $2,150.00 ",31/07/2021,east
" $2,145.00 ",31/07/2021,west
" $2,070.00 ",01/08/2021,north
" $2,265.00 ",01/08/2021,south
" $2,055.00 ",01/08/2021,east
" $2,165.00 ",01/08/2021,west
" $2,280.00 ",02/08/2021,north
" $2,275.00 ",02/08/2021,south
" $2,200.00 ",02/08/2021,east
" $2,490.00 ",02/08/2021,west
" $2,350.00 ",03/08/2021,north
" $2,075.00 ",03/08/2021,south
" $2,250.00 ",03/08/2021,east
" $2,315.00 ",03/08/2021,west
" $2,480.00 ",04/08/2021,north
" $2,070.00 ",04/08/2021,south
" $2,450.00 ",04/08/2021,east
" $2,010.00 ",04/08/2021,west
" $2,420.00 ",05/08/2021,north
" $2,215.00 ",05/08/2021,south
" $2,130.00 ",05/08/2021,east
" $2,065.00 ",05/08/2021,west
" $2,060.00 ",06/08/2021,north
" $2,050.00 ",06/08/2021,south
" $2,470.00 ",06/08/2021,east
" $2,295.00 ",06/08/2021,west
" $2,230.00 ",07/08/2021,north
" $2,030.00 ",07/08/2021,south
" $2,310.00 ",07/08/2021,east
" $2,415.00 ",07/08/2021,west
" $2,480.00 ",08/08/2021,north
" $2,230.00 ",08/08/2021,south
" $2,360.00 ",08/08/2021,east
" $2,400.00 ",08/08/2021,west
" $2,165.00 ",09/08/2021,north
" $2,385.00 ",09/08/2021,south
" $2,240.00 ",09/08/2021,east
" $2,060.00 ",09/08/2021,west
" $2,295.00 ",10/08/2021,north
" $2,180.00 ",10/08/2021,south
" $2,075.00 ",10/08/2021,east
" $2,375.00 ",10/08/2021,west
" $2,250.00 ",11/08/2021,north
" $2,250.00 ",11/08/2021,south
" $2,345.00 ",11/08/2021,east
" $2,080.00 ",11/08/2021,west
" $2,495.00 ",12/08/2021,north
" $2,100.00 ",12/08/2021,south
" $2,430.00 ",12/08/2021,east
" $2,070.00 ",12/08/2021,west
" $2,285.00 ",13/08/2021,north
" $2,235.00 ",13/08/2021,south
" $2,480.00 ",13/08/2021,east
" $2,425.00 ",13/08/2021,west
" $2,095.00 ",14/08/2021,north
" $2,135.00 ",14/08/2021,south
" $2,330.00 ",14/08/2021,east
" $2,020.00 ",14/08/2021,west
" $2,060.00 ",15/08/2021,north
" $2,140.00 ",15/08/2021,south
" $2,470.00 ",15/08/2021,east
" $2,485.00 ",15/08/2021,west
" $2,040.00 ",16/08/2021,north
" $2,155.00 ",16/08/2021,south
" $2,120.00 ",16/08/2021,east
" $2,135.00 ",16/08/2021,west
" $2,395.00 ",17/08/2021,north
" $2,475.00 ",17/08/2021,south
" $2,360.00 ",17/08/2021,east
" $2,175.00 ",17/08/2021,west
" $2,490.00 ",18/08/2021,north
" $2,075.00 ",18/08/2021,south
" $2,325.00 ",18/08/2021,east
" $2,445.00 ",18/08/2021,west
" $2,080.00 ",19/08/2021,north
" $2,370.00 ",19/08/2021,south
" $2,225.00 ",19/08/2021,east
" $2,495.00 ",19/08/2021,west
" $2,160.00 ",20/08/2021,north
" $2,195.00 ",20/08/2021,south
" $2,315.00 ",20/08/2021,east
" $2,170.00 ",20/08/2021,west
" $2,230.00 ",21/08/2021,north
" $2,095.00 ",21/08/2021,south
" $2,050.00 ",21/08/2021,east
" $2,490.00 ",21/08/2021,west
" $2,095.00 ",22/08/2021,north
" $2,180.00 ",22/08/2021,south
" $2,075.00 ",22/08/2021,east
" $2,475.00 ",22/08/2021,west
" $2,020.00 ",23/08/2021,north
" $2,000.00 ",23/08/2021,south
" $2,210.00 ",23/08/2021,east
" $2,155.00 ",23/08/2021,west
" $2,215.00 ",24/08/2021,north
" $2,475.00 ",24/08/2021,south
" $2,265.00 ",24/08/2021,east
" $2,030.00 ",24/08/2021,west
" $2,020.00 ",25/08/2021,north
" $2,240.00 ",25/08/2021,south
" $2,000.00 ",25/08/2021,east
" $2,150.00 ",25/08/2021,west
" $2,370.00 ",26/08/2021,north
" $2,180.00 ",26/08/2021,south
" $2,470.00 ",26/08/2021,east
" $2,150.00 ",26/08/2021,west
" $2,170.00 ",27/08/2021,north
" $2,260.00 ",27/08/2021,south
" $2,140.00 ",27/08/2021,east
" $2,045.00 ",27/08/2021,west
" $2,490.00 ",28/08/2021,north
" $2,320.00 ",28/08/2021,south
" $2,230.00 ",28/08/2021,east
" $2,440.00 ",28/08/2021,west
" $2,185.00 ",29/08/2021,north
" $2,350.00 ",29/08/2021,south
" $2,445.00 ",29/08/2021,east
" $2,365.00 ",29/08/2021,west
" $2,065.00 ",30/08/2021,north
" $2,015.00 ",30/08/2021,south
" $2,160.00 ",30/08/2021,east
" $2,300.00 ",30/08/2021,west
" $2,045.00 ",31/08/2021,north
" $2,440.00 ",31/08/2021,south
" $2,165.00 ",31/08/2021,east
" $2,180.00 ",31/08/2021,west
" $2,330.00 ",01/09/2021,north
" $2,240.00 ",01/09/2021,south
" $2,120.00 ",01/09/2021,east
" $2,495.00 ",01/09/2021,west
" $2,080.00 ",02/09/2021,north
" $2,415.00 ",02/09/2021,south
" $2,085.00 ",02/09/2021,east
" $2,400.00 ",02/09/2021,west
" $2,255.00 ",03/09/2021,north
" $2,245.00 ",03/09/2021,south
" $2,020.00 ",03/09/2021,east
" $2,270.00 ",03/09/2021,west
" $2,395.00 ",04/09/2021,north
" $2,165.00 ",04/09/2021,south
" $2,020.00 ",04/09/2021,east
" $2,135.00 ",04/09/2021,west
" $2,330.00 ",05/09/2021,north
" $2,290.00 ",05/09/2021,south
" $2,045.00 ",05/09/2021,east
" $2,255.00 ",05/09/2021,west
" $2,345.00 ",06/09/2021,north
" $2,185.00 ",06/09/2021,south
" $2,335.00 ",06/09/2021,east
" $2,300.00 ",06/09/2021,west
" $2,040.00 ",07/09/2021,north
" $2,055.00 ",07/09/2021,south
" $2,270.00 ",07/09/2021,east
" $2,335.00 ",07/09/2021,west
" $2,425.00 ",08/09/2021,north
" $2,445.00 ",08/09/2021,south
" $2,480.00 ",08/09/2021,east
" $2,480.00 ",08/09/2021,west
" $2,000.00 ",09/09/2021,north
" $2,075.00 ",09/09/2021,south
" $2,345.00 ",09/09/2021,east
" $2,245.00 ",09/09/2021,west
" $2,070.00 ",10/09/2021,north
" $2,365.00 ",10/09/2021,south
" $2,015.00 ",10/09/2021,east
" $2,375.00 ",10/09/2021,west
" $2,270.00 ",11/09/2021,north
" $2,015.00 ",11/09/2021,south
" $2,000.00 ",11/09/2021,east
" $2,295.00 ",11/09/2021,west
" $2,435.00 ",12/09/2021,north
" $2,485.00 ",12/09/2021,south
" $2,450.00 ",12/09/2021,east
" $2,205.00 ",12/09/2021,west
" $2,415.00 ",13/09/2021,north
" $2,440.00 ",13/09/2021,south
" $2,490.00 ",13/09/2021,east
" $2,415.00 ",13/09/2021,west
" $2,260.00 ",14/09/2021,north
" $2,385.00 ",14/09/2021,south
" $2,280.00 ",14/09/2021,east
" $2,210.00 ",14/09/2021,west
" $2,070.00 ",15/09/2021,north
" $2,105.00 ",15/09/2021,south
" $2,425.00 ",15/09/2021,east
" $2,265.00 ",15/09/2021,west
" $2,190.00 ",16/09/2021,north
" $2,110.00 ",16/09/2021,south
" $2,115.00 ",16/09/2021,east
" $2,455.00 ",16/09/2021,west
" $2,270.00 ",17/09/2021,north
" $2,350.00 ",17/09/2021,south
" $2,365.00 ",17/09/2021,east
" $2,270.00 ",17/09/2021,west
" $2,200.00 ",18/09/2021,north
" $2,500.00 ",18/09/2021,south
" $2,425.00 ",18/09/2021,east
" $2,290.00 ",18/09/2021,west
" $2,460.00 ",19/09/2021,north
" $2,185.00 ",19/09/2021,south
" $2,390.00 ",19/09/2021,east
" $2,175.00 ",19/09/2021,west
" $2,480.00 ",20/09/2021,north
" $2,385.00 ",20/09/2021,south
" $2,150.00 ",20/09/2021,east
" $2,225.00 ",20/09/2021,west
" $2,395.00 ",21/09/2021,north
" $2,395.00 ",21/09/2021,south
" $2,445.00 ",21/09/2021,east
" $2,295.00 ",21/09/2021,west
" $2,285.00 ",22/09/2021,north
" $2,095.00 ",22/09/2021,south
" $2,310.00 ",22/09/2021,east
" $2,120.00 ",22/09/2021,west
" $2,075.00 ",23/09/2021,north
" $2,390.00 ",23/09/2021,south
" $2,485.00 ",23/09/2021,east
" $2,475.00 ",23/09/2021,west
" $2,225.00 ",24/09/2021,north
" $2,325.00 ",24/09/2021,south
" $2,195.00 ",24/09/2021,east
" $2,410.00 ",24/09/2021,west
" $2,285.00 ",25/09/2021,north
" $2,000.00 ",25/09/2021,south
" $2,345.00 ",25/09/2021,east
" $2,400.00 ",25/09/2021,west
" $2,260.00 ",26/09/2021,north
" $2,300.00 ",26/09/2021,south
" $2,150.00 ",26/09/2021,east
" $2,200.00 ",26/09/2021,west
" $2,140.00 ",27/09/2021,north
" $2,365.00 ",27/09/2021,south
" $2,090.00 ",27/09/2021,east
" $2,115.00 ",27/09/2021,west
" $2,070.00 ",28/09/2021,north
" $2,085.00 ",28/09/2021,south
" $2,435.00 ",28/09/2021,east
" $2,115.00 ",28/09/2021,west
" $2,340.00 ",29/09/2021,north
" $2,225.00 ",29/09/2021,south
" $2,140.00 ",29/09/2021,east
" $2,240.00 ",29/09/2021,west
" $2,000.00 ",30/09/2021,north
" $2,175.00 ",30/09/2021,south
" $2,020.00 ",30/09/2021,east
" $2,425.00 ",30/09/2021,west
" $2,350.00 ",01/10/2021,north
" $2,215.00 ",01/10/2021,south
" $2,345.00 ",01/10/2021,east
" $2,360.00 ",01/10/2021,west
" $2,370.00 ",02/10/2021,north
" $2,180.00 ",02/10/2021,south
" $2,000.00 ",02/10/2021,east
" $2,235.00 ",02/10/2021,west
" $2,055.00 ",03/10/2021,north
" $2,265.00 ",03/10/2021,south
" $2,165.00 ",03/10/2021,east
" $2,165.00 ",03/10/2021,west
" $2,135.00 ",04/10/2021,north
" $2,395.00 ",04/10/2021,south
" $2,240.00 ",04/10/2021,east
" $2,295.00 ",04/10/2021,west
" $2,425.00 ",05/10/2021,north
" $2,255.00 ",05/10/2021,south
" $2,145.00 ",05/10/2021,east
" $2,000.00 ",05/10/2021,west
" $2,090.00 ",06/10/2021,north
" $2,390.00 ",06/10/2021,south
" $2,120.00 ",06/10/2021,east
" $2,405.00 ",06/10/2021,west
" $2,370.00 ",07/10/2021,north
" $2,080.00 ",07/10/2021,south
" $2,160.00 ",07/10/2021,east
" $2,270.00 ",07/10/2021,west
" $2,455.00 ",08/10/2021,north
" $2,360.00 ",08/10/2021,south
" $2,085.00 ",08/10/2021,east
" $2,045.00 ",08/10/2021,west
" $2,260.00 ",09/10/2021,north
" $2,300.00 ",09/10/2021,south
" $2,065.00 ",09/10/2021,east
" $2,025.00 ",09/10/2021,west
" $2,400.00 ",10/10/2021,north
" $2,255.00 ",10/10/2021,south
" $2,335.00 ",10/10/2021,east
" $2,460.00 ",10/10/2021,west
" $2,120.00 ",11/10/2021,north
" $2,230.00 ",11/10/2021,south
" $2,195.00 ",11/10/2021,east
" $2,205.00 ",11/10/2021,west
" $2,105.00 ",12/10/2021,north
" $2,105.00 ",12/10/2021,south
" $2,065.00 ",12/10/2021,east
" $2,005.00 ",12/10/2021,west
" $2,205.00 ",13/10/2021,north
" $2,495.00 ",13/10/2021,south
" $2,125.00 ",13/10/2021,east
" $2,410.00 ",13/10/2021,west
" $2,320.00 ",14/10/2021,north
" $2,010.00 ",14/10/2021,south
" $2,330.00 ",14/10/2021,east
" $2,275.00 ",14/10/2021,west
" $2,305.00 ",15/10/2021,north
" $2,425.00 ",15/10/2021,south
" $2,310.00 ",15/10/2021,east
" $2,090.00 ",15/10/2021,west
" $2,485.00 ",16/10/2021,north
" $2,415.00 ",16/10/2021,south
" $2,395.00 ",16/10/2021,east
" $2,090.00 ",16/10/2021,west
" $2,010.00 ",17/10/2021,north
" $2,085.00 ",17/10/2021,south
" $2,250.00 ",17/10/2021,east
" $2,450.00 ",17/10/2021,west
" $2,230.00 ",18/10/2021,north
" $2,310.00 ",18/10/2021,south
" $2,005.00 ",18/10/2021,east
" $2,025.00 ",18/10/2021,west
" $2,085.00 ",19/10/2021,north
" $2,275.00 ",19/10/2021,south
" $2,220.00 ",19/10/2021,east
" $2,395.00 ",19/10/2021,west
" $2,070.00 ",20/10/2021,north
" $2,210.00 ",20/10/2021,south
" $2,290.00 ",20/10/2021,east
" $2,380.00 ",20/10/2021,west
" $2,475.00 ",21/10/2021,north
" $2,175.00 ",21/10/2021,south
" $2,015.00 ",21/10/2021,east
" $2,115.00 ",21/10/2021,west
" $2,030.00 ",22/10/2021,north
" $2,400.00 ",22/10/2021,south
" $2,180.00 ",22/10/2021,east
" $2,345.00 ",22/10/2021,west
" $2,485.00 ",23/10/2021,north
" $2,225.00 ",23/10/2021,south
" $2,095.00 ",23/10/2021,east
" $2,350.00 ",23/10/2021,west
" $2,315.00 ",24/10/2021,north
" $2,155.00 ",24/10/2021,south
" $2,305.00 ",24/10/2021,east
" $2,250.00 ",24/10/2021,west
" $2,470.00 ",25/10/2021,north
" $2,135.00 ",25/10/2021,south
" $2,255.00 ",25/10/2021,east
" $2,270.00 ",25/10/2021,west
" $2,410.00 ",26/10/2021,north
" $2,490.00 ",26/10/2021,south
" $2,250.00 ",26/10/2021,east
" $2,220.00 ",26/10/2021,west
" $2,145.00 ",27/10/2021,north
" $2,145.00 ",27/10/2021,south
" $2,450.00 ",27/10/2021,east
" $2,090.00 ",27/10/2021,west
" $2,165.00 ",28/10/2021,north
" $2,355.00 ",28/10/2021,south
" $2,315.00 ",28/10/2021,east
" $2,300.00 ",28/10/2021,west
" $2,225.00 ",29/10/2021,north
" $2,175.00 ",29/10/2021,south
" $2,435.00 ",29/10/2021,east
" $2,035.00 ",29/10/2021,west
" $2,430.00 ",30/10/2021,north
" $2,180.00 ",30/10/2021,south
" $2,060.00 ",30/10/2021,east
" $2,470.00 ",30/10/2021,west
" $2,400.00 ",31/10/2021,north
" $2,220.00 ",31/10/2021,south
" $2,395.00 ",31/10/2021,east
" $2,120.00 ",31/10/2021,west
" $2,080.00 ",01/11/2021,north
" $2,445.00 ",01/11/2021,south
" $2,415.00 ",01/11/2021,east
" $2,355.00 ",01/11/2021,west
" $2,405.00 ",02/11/2021,north
" $2,120.00 ",02/11/2021,south
" $2,195.00 ",02/11/2021,east
" $2,025.00 ",02/11/2021,west
" $2,305.00 ",03/11/2021,north
" $2,035.00 ",03/11/2021,south
" $2,085.00 ",03/11/2021,east
" $2,285.00 ",03/11/2021,west
" $2,205.00 ",04/11/2021,north
" $2,155.00 ",04/11/2021,south
" $2,105.00 ",04/11/2021,east
" $2,085.00 ",04/11/2021,west
" $2,475.00 ",05/11/2021,north
" $2,425.00 ",05/11/2021,south
" $2,330.00 ",05/11/2021,east
" $2,205.00 ",05/11/2021,west
" $2,235.00 ",06/11/2021,north
" $2,050.00 ",06/11/2021,south
" $2,455.00 ",06/11/2021,east
" $2,065.00 ",06/11/2021,west
" $2,210.00 ",07/11/2021,north
" $2,065.00 ",07/11/2021,south
" $2,215.00 ",07/11/2021,east
" $2,275.00 ",07/11/2021,west
" $2,005.00 ",08/11/2021,north
" $2,120.00 ",08/11/2021,south
" $2,140.00 ",08/11/2021,east
" $2,260.00 ",08/11/2021,west
" $2,165.00 ",09/11/2021,north
" $2,000.00 ",09/11/2021,south
" $2,435.00 ",09/11/2021,east
" $2,250.00 ",09/11/2021,west
" $2,485.00 ",10/11/2021,north
" $2,090.00 ",10/11/2021,south
" $2,025.00 ",10/11/2021,east
" $2,365.00 ",10/11/2021,west
" $2,150.00 ",11/11/2021,north
" $2,160.00 ",11/11/2021,south
" $2,035.00 ",11/11/2021,east
" $2,445.00 ",11/11/2021,west
" $2,350.00 ",12/11/2021,north
" $2,130.00 ",12/11/2021,south
" $2,045.00 ",12/11/2021,east
" $2,490.00 ",12/11/2021,west
" $2,315.00 ",13/11/2021,north
" $2,210.00 ",13/11/2021,south
" $2,345.00 ",13/11/2021,east
" $2,285.00 ",13/11/2021,west
" $2,225.00 ",14/11/2021,north
" $2,190.00 ",14/11/2021,south
" $2,495.00 ",14/11/2021,east
" $2,485.00 ",14/11/2021,west
" $2,105.00 ",15/11/2021,north
" $2,425.00 ",15/11/2021,south
" $2,155.00 ",15/11/2021,east
" $2,495.00 ",15/11/2021,west
" $2,485.00 ",16/11/2021,north
" $2,225.00 ",16/11/2021,south
" $2,315.00 ",16/11/2021,east
" $2,300.00 ",16/11/2021,west
" $2,165.00 ",17/11/2021,north
" $2,240.00 ",17/11/2021,south
" $2,290.00 ",17/11/2021,east
" $2,025.00 ",17/11/2021,west
" $2,080.00 ",18/11/2021,north
" $2,325.00 ",18/11/2021,south
" $2,105.00 ",18/11/2021,east
" $2,245.00 ",18/11/2021,west
" $2,180.00 ",19/11/2021,north
" $2,180.00 ",19/11/2021,south
" $2,345.00 ",19/11/2021,east
" $2,435.00 ",19/11/2021,west
" $2,490.00 ",20/11/2021,north
" $2,160.00 ",20/11/2021,south
" $2,460.00 ",20/11/2021,east
" $2,040.00 ",20/11/2021,west
" $2,010.00 ",21/11/2021,north
" $2,440.00 ",21/11/2021,south
" $2,190.00 ",21/11/2021,east
" $2,365.00 ",21/11/2021,west
" $2,145.00 ",22/11/2021,north
" $2,420.00 ",22/11/2021,south
" $2,200.00 ",22/11/2021,east
" $2,075.00 ",22/11/2021,west
" $2,075.00 ",23/11/2021,north
" $2,450.00 ",23/11/2021,south
" $2,280.00 ",23/11/2021,east
" $2,220.00 ",23/11/2021,west
" $2,410.00 ",24/11/2021,north
" $2,015.00 ",24/11/2021,south
" $2,020.00 ",24/11/2021,east
" $2,060.00 ",24/11/2021,west
" $2,410.00 ",25/11/2021,north
" $2,485.00 ",25/11/2021,south
" $2,445.00 ",25/11/2021,east
" $2,285.00 ",25/11/2021,west
" $2,490.00 ",26/11/2021,north
" $2,215.00 ",26/11/2021,south
" $2,015.00 ",26/11/2021,east
" $2,070.00 ",26/11/2021,west
" $2,170.00 ",27/11/2021,north
" $2,235.00 ",27/11/2021,south
" $2,145.00 ",27/11/2021,east
" $2,370.00 ",27/11/2021,west
" $2,035.00 ",28/11/2021,north
" $2,335.00 ",28/11/2021,south
" $2,390.00 ",28/11/2021,east
" $2,500.00 ",28/11/2021,west
" $2,180.00 ",29/11/2021,north
" $2,495.00 ",29/11/2021,south
" $2,170.00 ",29/11/2021,east
" $2,275.00 ",29/11/2021,west
" $2,265.00 ",30/11/2021,north
" $2,035.00 ",30/11/2021,south
" $2,480.00 ",30/11/2021,east
" $2,390.00 ",30/11/2021,west
" $2,415.00 ",01/12/2021,north
" $2,275.00 ",01/12/2021,south
" $2,100.00 ",01/12/2021,east
" $2,105.00 ",01/12/2021,west
" $2,330.00 ",02/12/2021,north
" $2,170.00 ",02/12/2021,south
" $2,460.00 ",02/12/2021,east
" $2,200.00 ",02/12/2021,west
" $2,225.00 ",03/12/2021,north
" $2,350.00 ",03/12/2021,south
" $2,125.00 ",03/12/2021,east
" $2,245.00 ",03/12/2021,west
" $2,025.00 ",04/12/2021,north
" $2,010.00 ",04/12/2021,south
" $2,005.00 ",04/12/2021,east
" $2,455.00 ",04/12/2021,west
" $2,130.00 ",05/12/2021,north
" $2,445.00 ",05/12/2021,south
" $2,190.00 ",05/12/2021,east
" $2,265.00 ",05/12/2021,west
" $2,380.00 ",06/12/2021,north
" $2,235.00 ",06/12/2021,south
" $2,200.00 ",06/12/2021,east
" $2,200.00 ",06/12/2021,west
" $2,090.00 ",07/12/2021,north
" $2,165.00 ",07/12/2021,south
" $2,300.00 ",07/12/2021,east
" $2,400.00 ",07/12/2021,west
" $2,135.00 ",08/12/2021,north
" $2,315.00 ",08/12/2021,south
" $2,375.00 ",08/12/2021,east
" $2,080.00 ",08/12/2021,west
" $2,270.00 ",09/12/2021,north
" $2,430.00 ",09/12/2021,south
" $2,335.00 ",09/12/2021,east
" $2,065.00 ",09/12/2021,west
" $2,235.00 ",10/12/2021,north
" $2,375.00 ",10/12/2021,south
" $2,400.00 ",10/12/2021,east
" $2,305.00 ",10/12/2021,west
" $2,310.00 ",11/12/2021,north
" $2,155.00 ",11/12/2021,south
" $2,435.00 ",11/12/2021,east
" $2,165.00 ",11/12/2021,west
" $2,225.00 ",12/12/2021,north
" $2,055.00 ",12/12/2021,south
" $2,235.00 ",12/12/2021,east
" $2,295.00 ",12/12/2021,west
" $2,040.00 ",13/12/2021,north
" $2,320.00 ",13/12/2021,south
" $2,110.00 ",13/12/2021,east
" $2,180.00 ",13/12/2021,west
" $2,360.00 ",14/12/2021,north
" $2,420.00 ",14/12/2021,south
" $2,370.00 ",14/12/2021,east
" $2,335.00 ",14/12/2021,west
" $2,485.00 ",15/12/2021,north
" $2,495.00 ",15/12/2021,south
" $2,365.00 ",15/12/2021,east
" $2,155.00 ",15/12/2021,west
" $2,385.00 ",16/12/2021,north
" $2,385.00 ",16/12/2021,south
" $2,435.00 ",16/12/2021,east
" $2,290.00 ",16/12/2021,west
" $2,210.00 ",17/12/2021,north
" $2,085.00 ",17/12/2021,south
" $2,090.00 ",17/12/2021,east
" $2,370.00 ",17/12/2021,west
" $2,145.00 ",18/12/2021,north
" $2,210.00 ",18/12/2021,south
" $2,380.00 ",18/12/2021,east
" $2,455.00 ",18/12/2021,west
" $2,270.00 ",19/12/2021,north
" $2,040.00 ",19/12/2021,south
" $2,180.00 ",19/12/2021,east
" $2,500.00 ",19/12/2021,west
" $2,115.00 ",20/12/2021,north
" $2,325.00 ",20/12/2021,south
" $2,250.00 ",20/12/2021,east
" $2,180.00 ",20/12/2021,west
" $2,330.00 ",21/12/2021,north
" $2,075.00 ",21/12/2021,south
" $2,355.00 ",21/12/2021,east
" $2,355.00 ",21/12/2021,west
" $2,205.00 ",22/12/2021,north
" $2,155.00 ",22/12/2021,south
" $2,010.00 ",22/12/2021,east
" $2,005.00 ",22/12/2021,west
" $2,410.00 ",23/12/2021,north
" $2,265.00 ",23/12/2021,south
" $2,205.00 ",23/12/2021,east
" $2,115.00 ",23/12/2021,west
" $2,050.00 ",24/12/2021,north
" $2,135.00 ",24/12/2021,south
" $2,440.00 ",24/12/2021,east
" $2,360.00 ",24/12/2021,west
" $2,405.00 ",25/12/2021,north
" $2,115.00 ",25/12/2021,south
" $2,085.00 ",25/12/2021,east
" $2,290.00 ",25/12/2021,west
" $2,245.00 ",26/12/2021,north
" $2,460.00 ",26/12/2021,south
" $2,450.00 ",26/12/2021,east
" $2,310.00 ",26/12/2021,west
" $2,370.00 ",27/12/2021,north
" $2,040.00 ",27/12/2021,south
" $2,415.00 ",27/12/2021,east
" $2,015.00 ",27/12/2021,west
" $2,245.00 ",28/12/2021,north
" $2,120.00 ",28/12/2021,south
" $2,415.00 ",28/12/2021,east
" $2,295.00 ",28/12/2021,west
" $2,445.00 ",29/12/2021,north
" $2,215.00 ",29/12/2021,south
" $2,285.00 ",29/12/2021,east
" $2,395.00 ",29/12/2021,west
" $2,435.00 ",30/12/2021,north
" $2,400.00 ",30/12/2021,south
" $2,260.00 ",30/12/2021,east
" $2,315.00 ",30/12/2021,west
" $2,315.00 ",31/12/2021,north
" $2,175.00 ",31/12/2021,south
" $2,295.00 ",31/12/2021,east
" $2,055.00 ",31/12/2021,west
" $2,130.00 ",01/01/2022,north
" $2,480.00 ",01/01/2022,south
" $2,190.00 ",01/01/2022,east
" $2,170.00 ",01/01/2022,west
" $2,160.00 ",02/01/2022,north
" $2,120.00 ",02/01/2022,south
" $2,110.00 ",02/01/2022,east
" $2,080.00 ",02/01/2022,west
" $2,050.00 ",03/01/2022,north
" $2,150.00 ",03/01/2022,south
" $2,440.00 ",03/01/2022,east
" $2,055.00 ",03/01/2022,west
" $2,405.00 ",04/01/2022,north
" $2,020.00 ",04/01/2022,south
" $2,010.00 ",04/01/2022,east
" $2,005.00 ",04/01/2022,west
" $2,480.00 ",05/01/2022,north
" $2,360.00 ",05/01/2022,south
" $2,025.00 ",05/01/2022,east
" $2,275.00 ",05/01/2022,west
" $2,245.00 ",06/01/2022,north
" $2,060.00 ",06/01/2022,south
" $2,290.00 ",06/01/2022,east
" $2,205.00 ",06/01/2022,west
" $2,065.00 ",07/01/2022,north
" $2,050.00 ",07/01/2022,south
" $2,180.00 ",07/01/2022,east
" $2,135.00 ",07/01/2022,west
" $2,370.00 ",08/01/2022,north
" $2,245.00 ",08/01/2022,south
" $2,070.00 ",08/01/2022,east
" $2,395.00 ",08/01/2022,west
" $2,490.00 ",09/01/2022,north
" $2,105.00 ",09/01/2022,south
" $2,335.00 ",09/01/2022,east
" $2,250.00 ",09/01/2022,west
" $2,240.00 ",10/01/2022,north
" $2,090.00 ",10/01/2022,south
" $2,370.00 ",10/01/2022,east
" $2,315.00 ",10/01/2022,west
" $2,000.00 ",11/01/2022,north
" $2,075.00 ",11/01/2022,south
" $2,305.00 ",11/01/2022,east
" $2,145.00 ",11/01/2022,west
" $2,050.00 ",12/01/2022,north
" $2,260.00 ",12/01/2022,south
" $2,095.00 ",12/01/2022,east
" $2,500.00 ",12/01/2022,west
" $2,260.00 ",13/01/2022,north
" $2,365.00 ",13/01/2022,south
" $2,485.00 ",13/01/2022,east
" $2,180.00 ",13/01/2022,west
" $2,245.00 ",14/01/2022,north
" $2,225.00 ",14/01/2022,south
" $2,080.00 ",14/01/2022,east
" $2,250.00 ",14/01/2022,west
" $2,115.00 ",15/01/2022,north
" $2,145.00 ",15/01/2022,south
" $2,130.00 ",15/01/2022,east
" $2,120.00 ",15/01/2022,west
" $2,315.00 ",16/01/2022,north
" $2,410.00 ",16/01/2022,south
" $2,290.00 ",16/01/2022,east
" $2,150.00 ",16/01/2022,west
" $2,295.00 ",17/01/2022,north
" $2,015.00 ",17/01/2022,south
" $2,070.00 ",17/01/2022,east
" $2,095.00 ",17/01/2022,west
" $2,045.00 ",18/01/2022,north
" $2,125.00 ",18/01/2022,south
" $2,085.00 ",18/01/2022,east
" $2,095.00 ",18/01/2022,west
" $2,295.00 ",19/01/2022,north
" $2,265.00 ",19/01/2022,south
" $2,040.00 ",19/01/2022,east
" $2,200.00 ",19/01/2022,west
" $2,415.00 ",20/01/2022,north
" $2,435.00 ",20/01/2022,south
" $2,160.00 ",20/01/2022,east
" $2,210.00 ",20/01/2022,west
" $2,295.00 ",21/01/2022,north
" $2,405.00 ",21/01/2022,south
" $2,380.00 ",21/01/2022,east
" $2,360.00 ",21/01/2022,west
" $2,080.00 ",22/01/2022,north
" $2,220.00 ",22/01/2022,south
" $2,495.00 ",22/01/2022,east
" $2,500.00 ",22/01/2022,west
" $2,170.00 ",23/01/2022,north
" $2,135.00 ",23/01/2022,south
" $2,205.00 ",23/01/2022,east
" $2,445.00 ",23/01/2022,west
" $2,195.00 ",24/01/2022,north
" $2,375.00 ",24/01/2022,south
" $2,370.00 ",24/01/2022,east
" $2,410.00 ",24/01/2022,west
" $2,470.00 ",25/01/2022,north
" $2,370.00 ",25/01/2022,south
" $2,110.00 ",25/01/2022,east
" $2,480.00 ",25/01/2022,west
" $2,085.00 ",26/01/2022,north
" $2,320.00 ",26/01/2022,south
" $2,075.00 ",26/01/2022,east
" $2,485.00 ",26/01/2022,west
" $2,165.00 ",27/01/2022,north
" $2,400.00 ",27/01/2022,south
" $2,055.00 ",27/01/2022,east
" $2,435.00 ",27/01/2022,west
" $2,380.00 ",28/01/2022,north
" $2,410.00 ",28/01/2022,south
" $2,240.00 ",28/01/2022,east
" $2,450.00 ",28/01/2022,west
" $2,190.00 ",29/01/2022,north
" $2,345.00 ",29/01/2022,south
" $2,290.00 ",29/01/2022,east
" $2,380.00 ",29/01/2022,west
" $2,145.00 ",30/01/2022,north
" $2,150.00 ",30/01/2022,south
" $2,500.00 ",30/01/2022,east
" $2,305.00 ",30/01/2022,west
" $2,045.00 ",31/01/2022,north
" $2,375.00 ",31/01/2022,south
" $2,040.00 ",31/01/2022,east
" $2,055.00 ",31/01/2022,west
" $2,405.00 ",01/02/2022,north
" $2,310.00 ",01/02/2022,south
" $2,405.00 ",01/02/2022,east
" $2,420.00 ",01/02/2022,west
" $2,160.00 ",02/02/2022,north
" $2,485.00 ",02/02/2022,south
" $2,375.00 ",02/02/2022,east
" $2,435.00 ",02/02/2022,west
" $2,125.00 ",03/02/2022,north
" $2,185.00 ",03/02/2022,south
" $2,090.00 ",03/02/2022,east
" $2,115.00 ",03/02/2022,west
" $2,035.00 ",04/02/2022,north
" $2,215.00 ",04/02/2022,south
" $2,010.00 ",04/02/2022,east
" $2,190.00 ",04/02/2022,west
" $2,070.00 ",05/02/2022,north
" $2,000.00 ",05/02/2022,south
" $2,130.00 ",05/02/2022,east
" $2,235.00 ",05/02/2022,west
" $2,250.00 ",06/02/2022,north
" $2,365.00 ",06/02/2022,south
" $2,020.00 ",06/02/2022,east
" $2,215.00 ",06/02/2022,west
" $2,290.00 ",07/02/2022,north
" $2,145.00 ",07/02/2022,south
" $2,255.00 ",07/02/2022,east
" $2,265.00 ",07/02/2022,west
" $2,375.00 ",08/02/2022,north
" $2,360.00 ",08/02/2022,south
" $2,430.00 ",08/02/2022,east
" $2,330.00 ",08/02/2022,west
" $2,290.00 ",09/02/2022,north
" $2,435.00 ",09/02/2022,south
" $2,225.00 ",09/02/2022,east
" $2,255.00 ",09/02/2022,west
" $2,275.00 ",10/02/2022,north
" $2,310.00 ",10/02/2022,south
" $2,070.00 ",10/02/2022,east
" $2,445.00 ",10/02/2022,west
" $2,405.00 ",11/02/2022,north
" $2,030.00 ",11/02/2022,south
" $2,470.00 ",11/02/2022,east
" $2,265.00 ",11/02/2022,west
" $2,245.00 ",12/02/2022,north
" $2,490.00 ",12/02/2022,south
" $2,110.00 ",12/02/2022,east
" $2,085.00 ",12/02/2022,west
" $2,425.00 ",13/02/2022,north
" $2,245.00 ",13/02/2022,south
" $2,500.00 ",13/02/2022,east
" $2,390.00 ",13/02/2022,west
" $2,035.00 ",14/02/2022,north
" $2,465.00 ",14/02/2022,south
" $2,500.00 ",14/02/2022,east
" $2,115.00 ",14/02/2022,west
